wavelength_nm,chlorophyll-a,chlorophyll-b,fucoxanthin,prasinoxanthin
800.2,0.0,3.48e-05,0.00062919,0.00012841
799.3,0.0,0.0,0.000588152,0.000166389
798.5,0.0,0.0,0.000599412,0.000164548
797.6,0.0,0.0,0.000547561,0.000216315
796.7,0.0,8.62e-05,0.000491375,8.55986e-05
795.9,0.0,0.0,0.000392427,0.000204222
795.0,0.0,0.0,0.000496128,0.000199707
794.2,0.0,0.0,0.00049611,0.000107088
793.3,0.0,0.0,0.000461024,6.49234e-05
792.5,0.0,1.72e-05,0.000557554,0.000132617
791.6,0.0,6.17e-05,0.00051434,0.000122267
790.8,0.0,0.0,0.000542561,0.000175403
789.9,0.0,2.97e-05,0.000501472,8.59645e-05
789.1,0.0,0.0,0.000597777,8.0912e-05
788.2,0.0,4.19e-05,0.000480119,9.52601e-05
787.4,0.0,0.0,0.000495126,0.000205474
786.5,0.0,0.0,0.000423938,0.000198353
785.7,0.0,4.61e-05,0.00049489,0.000214331
784.8,0.0,0.0,0.000488007,0.000199776
783.9,0.0,0.0,0.000474658,0.000119147
783.1,0.0,5.25e-05,0.000519432,0.000208736
782.2,0.0,0.0,0.000601707,9.21707e-05
781.4,0.0,0.0,0.000472645,0.000147346
780.5,0.0,0.0,0.000560746,0.000147342
779.7,0.0,1.96e-05,0.000406886,8.23654e-05
778.8,0.0,4.81e-05,0.000486029,8.92118e-05
778.0,0.0,5.26e-05,0.000415956,0.000159752
777.1,0.0,0.0,0.00046586,0.00016252
776.3,0.0,2.79e-05,0.000432221,0.00012298
775.4,0.0,0.0,0.000477048,0.000197702
774.6,0.0,8.26e-06,0.000390882,7.82336e-05
773.7,0.0,0.0,0.000464965,0.000138866
772.9,0.0,0.0,0.00041925,0.000128283
772.0,0.0,0.0,0.000529981,5.25321e-05
771.1,0.0,0.0,0.000493222,2.82217e-05
770.3,0.0,0.0,0.000528313,9.63799e-05
769.4,0.0,0.0,0.00044972,0.000101787
768.6,0.0,7.81e-05,0.000404782,0.000134535
767.7,0.0,0.0,0.000468061,5.24727e-05
766.9,0.0,0.0,0.000499363,0.000143687
766.0,0.0,6.34e-05,0.000479607,8.25172e-05
765.2,0.0,0.0,0.000445982,5.78152e-05
764.3,0.0,0.0,0.000362524,8.06888e-05
763.5,0.0,0.0,0.00043546,0.000139631
762.6,0.0,0.0,0.000352794,0.000111864
761.8,0.0,0.0,0.000398189,4.46994e-05
760.9,0.0,0.0,0.000382845,9.53691e-05
760.1,0.0,0.0,0.000375534,8.08459e-05
759.2,0.0,0.0,0.000413276,0.000134466
758.3,0.0,0.0,0.000470652,0.000131918
757.5,0.0,0.0,0.000365814,6.4554e-05
756.6,0.0,6.7e-05,0.000483433,7.47508e-05
755.8,0.0,4.03e-05,0.00042577,0.000105476
754.9,0.0,0.0,0.000388865,5.1791e-05
754.1,0.0,0.0,0.000389053,7.39579e-05
753.2,0.0,0.0,0.000398087,0.000103602
752.4,0.0,0.0,0.000308566,9.50665e-05
751.5,0.0,0.0,0.000383961,7.07486e-05
750.7,0.0,0.0,0.000342551,6.1e-05
749.8,0.0,0.0,0.000359286,5.72599e-05
749.0,0.0,0.0,0.000402784,4.02378e-05
748.1,0.0,0.0,0.000423518,3.4191e-05
747.3,0.0,0.0,0.000404569,0.000104377
746.4,0.0,0.0,0.00037967,0.000119629
745.5,0.0,1.97e-05,0.000336645,9.28892e-05
744.7,0.0,0.0,0.000394802,5.93842e-05
743.8,0.0,0.0,0.000321106,0.000117301
743.0,0.0,0.0,0.000409284,9.86456e-05
742.1,0.0,0.0,0.000392197,0.000130989
741.3,0.0,0.0,0.000423994,0.000129713
740.4,0.0,0.0,0.000432844,0.000117122
739.6,0.0,0.0,0.000330757,0.000126737
738.7,0.0,0.0,0.000381498,6.9105e-05
737.9,0.0,0.0,0.000389932,0.000101647
737.0,0.0,0.0,0.00030768,8.48589e-05
736.2,0.0,0.0,0.000357263,6.81066e-05
735.3,0.0,0.0,0.000370284,9.78185e-05
734.5,0.0,0.0,0.000327081,0.000105665
733.6,0.0,0.0,0.000306785,1.19332e-05
732.7,0.0,2.55e-05,0.000391376,4.19095e-05
731.9,0.0,0.0,0.000321302,8.36781e-05
731.0,0.0,0.0,0.0003059,6.86135e-05
730.2,0.0,0.0,0.000287724,5.33059e-05
729.3,0.0,0.0,0.000301274,4.59485e-05
728.5,0.0,0.0,0.000285104,7.80922e-05
727.6,0.0,0.0,0.00030806,7.71655e-05
726.8,0.0,0.0,0.000256933,5.96014e-05
725.9,0.0,0.0,0.000270796,1.38809e-05
725.1,0.0,0.0,0.000303691,3.78454e-06
724.2,0.0,6.88e-06,0.000314128,5.47216e-05
723.4,0.0,0.0,0.000271671,8.15803e-05
722.5,0.0,0.0,0.000316968,8.15759e-05
721.7,0.0,0.0,0.000336881,8.31975e-05
720.8,0.0,0.0,0.000325996,0.000110781
719.9,0.0,0.0,0.000362796,5.51304e-05
719.1,0.0,0.0,0.000357129,6.6211e-05
718.2,0.0,0.0,0.000344558,0.000104554
717.4,0.0,0.0,0.000303636,9.255e-05
716.5,0.0,3.21e-05,0.000338749,6.62967e-05
715.7,0.0,0.0,0.000304898,0.000140235
714.8,0.0,0.0,0.000350778,6.75511e-05
714.0,0.0,0.0,0.00030726,0.000126331
713.1,0.0,0.0,0.000303653,6.03257e-05
712.3,0.0,0.0,0.00029435,0.000111208
711.4,0.0,0.0,0.000321018,8.86328e-05
710.6,0.0,0.0,0.000286062,0.000123466
709.7,0.0,0.0,0.000297742,6.44184e-05
708.9,0.0,0.0,0.000350512,7.73923e-05
708.0,0.0,3.63e-06,0.000269724,7.46953e-05
707.1,0.0,0.0,0.000317951,0.000106463
706.3,0.0,0.0,0.000318352,5.23622e-05
705.4,8.05e-06,0.0,0.000313969,0.000105433
704.6,0.0,0.0,0.000275213,5.7622e-05
703.7,0.0,0.0,0.000264754,7.21417e-05
702.9,0.0,0.0,0.000343986,7.36861e-05
702.0,7.74e-06,9.07e-06,0.000275556,9.65084e-05
701.2,0.0,0.0,0.000288541,8.05831e-05
700.3,8.61e-06,0.0,0.000280489,0.000137157
699.5,4.14e-05,0.0,0.00027416,6.68837e-05
698.6,8.37e-06,1.27e-05,0.00024409,9.72866e-05
697.8,7.1e-06,0.0,0.000271762,0.000113867
696.9,7.56e-06,0.0,0.000234685,5.74741e-05
696.1,6.43e-05,0.0,0.00024256,4.70788e-05
695.2,0.000110111,4.6e-06,0.000236286,7.64932e-05
694.3,0.000147517,1.14e-05,0.000254059,7.63366e-06
693.5,0.000159212,2.31e-05,0.000233417,3.96049e-05
692.6,0.000199518,0.0,0.000237966,7.73859e-05
691.8,0.000228563,2.82e-05,0.000264856,5.72104e-05
690.9,0.000258091,3.88e-05,0.000240319,6.69372e-05
690.1,0.00032956,2.91e-05,0.000248221,3.07407e-05
689.2,0.000402299,2.63e-05,0.000235812,7.01303e-05
688.4,0.000490055,4.34e-05,0.000292844,3.7345e-05
687.5,0.000572202,1.62e-06,0.000247418,6.45674e-05
686.7,0.00070077,6.95e-05,0.000199344,7.96843e-05
685.8,0.000835194,3.75e-05,0.000223577,9.34875e-05
685.0,0.000992121,6.3e-05,0.000246032,2.19729e-05
684.1,0.001272514,7.74e-05,0.000236724,5.35547e-05
683.3,0.001443904,0.000113703,0.000247123,7.25261e-05
682.4,0.001707501,9.48e-05,0.000242827,8.32716e-05
681.5,0.002089485,0.000152887,0.000263767,5.37343e-05
680.7,0.002468677,0.000129689,0.000274107,3.14825e-05
679.8,0.002940089,0.000179027,0.000263828,4.91235e-05
679.0,0.003538391,0.000199669,0.000302082,3.92445e-05
678.1,0.004104744,0.000213067,0.000271495,6.77851e-05
677.3,0.004822936,0.00024249,0.00031184,8.44869e-05
676.4,0.005646164,0.000282461,0.000297058,9.66468e-05
675.6,0.00643948,0.000255127,0.000346008,9.13782e-05
674.7,0.007497713,0.000415935,0.000327787,6.10643e-05
673.9,0.008460497,0.000388827,0.000330695,9.40683e-05
673.0,0.009471417,0.000439351,0.000300615,6.53158e-05
672.2,0.010345133,0.000508914,0.000344623,0.00011964
671.3,0.011618304,0.000612831,0.000319329,8.28322e-05
670.5,0.013165163,0.000661623,0.0003556,0.000105114
669.6,0.014464268,0.000820184,0.000343757,6.30543e-05
668.7,0.015607237,0.000901551,0.000385945,6.034e-05
667.9,0.016738454,0.001036506,0.000335711,2.89662e-05
667.0,0.017743137,0.00117283,0.000362176,5.50562e-05
666.2,0.018621597,0.001386589,0.00036415,3.93366e-05
665.3,0.019260986,0.00156166,0.000353046,4.96204e-05
664.5,0.019738383,0.001788878,0.000342001,9.13533e-05
663.6,0.020025328,0.002043197,0.000372246,4.75031e-05
662.8,0.020046297,0.0023271,0.00034549,3.69245e-05
661.9,0.019848126,0.002644233,0.000360919,3.84396e-05
661.1,0.019497389,0.003003781,0.000301973,5.94331e-05
660.2,0.018867347,0.00337869,0.000359678,4.01765e-05
659.4,0.018148404,0.00381031,0.000283751,3.29704e-05
658.5,0.017239031,0.004281981,0.000293649,4.85521e-05
657.7,0.016226954,0.004829134,0.000245076,5.01151e-05
656.8,0.015147747,0.00533408,0.000319789,8.15803e-05
655.9,0.014021199,0.00601202,0.000270647,7.89685e-05
655.1,0.012850325,0.006662048,0.000304997,6.55494e-05
654.2,0.011768713,0.007291658,0.000292414,5.97698e-05
653.4,0.010663614,0.007975533,0.000256644,5.91703e-05
652.5,0.00966667,0.008650928,0.000286934,3.17982e-05
651.7,0.008701356,0.009297633,0.00028974,9.04027e-05
650.8,0.007880013,0.00990853,0.000261253,7.30203e-05
650.0,0.007009475,0.010388533,0.000314695,0.000104065
649.1,0.006363622,0.01091003,0.000260692,7.613e-05
648.3,0.005718014,0.011244284,0.000273329,8.90582e-05
647.4,0.005168877,0.011518982,0.000204467,7.87628e-05
646.6,0.004707051,0.011686193,0.000230657,8.38849e-05
645.7,0.004337788,0.011686453,0.000244234,7.94134e-05
644.9,0.003967369,0.011589927,0.000252263,5.45638e-05
644.0,0.003672325,0.011393837,0.000231542,5.78233e-05
643.1,0.003407799,0.011030303,0.000229962,3.68374e-05
642.3,0.003220193,0.010636353,0.000254275,5.47354e-05
641.4,0.0030251,0.010195633,0.000260319,0.00010168
640.6,0.002961966,0.009867109,0.000248635,5.7862e-05
639.7,0.002798003,0.00921424,0.000251158,5.23684e-05
638.9,0.002706968,0.008441471,0.000236677,8.12425e-05
638.0,0.002633346,0.007782425,0.000215186,3.30101e-05
637.2,0.002607356,0.007191821,0.000217333,4.48484e-05
636.3,0.002560914,0.006593732,0.000224034,3.92705e-05
635.5,0.002588392,0.006082268,0.000261611,7.07779e-05
634.6,0.002551415,0.00547745,0.000219905,5.56789e-05
633.8,0.002648153,0.005062489,0.000222273,3.24145e-05
632.9,0.002672645,0.004583445,0.000231013,4.86751e-05
632.1,0.002716283,0.004214092,0.000232287,4.23968e-05
631.2,0.002745763,0.003842453,0.000270653,7.48293e-05
630.3,0.002868064,0.003565407,0.000225123,6.65673e-05
629.5,0.002929411,0.003284567,0.000263088,3.9265e-05
628.6,0.003021372,0.003105895,0.000247409,0.0001041
627.8,0.003071295,0.002868295,0.000224936,7.52413e-05
626.9,0.003241868,0.002754854,0.000237243,7.70998e-06
626.1,0.003300042,0.002586336,0.00024052,5.9007e-05
625.2,0.003403192,0.002489518,0.000225048,7.46531e-05
624.4,0.003447884,0.002361051,0.000234656,6.95015e-05
623.5,0.003561605,0.002309306,0.000213019,0.000138885
622.7,0.003609138,0.002226879,0.000188637,7.9871e-05
621.8,0.003704299,0.002221811,0.000222306,0.000101184
621.0,0.003712228,0.002159362,0.000236149,8.88309e-05
620.1,0.003763675,0.002149221,0.000254016,8.78901e-05
619.3,0.003784295,0.002133241,0.00024817,0.000110038
618.4,0.003830765,0.002135212,0.000259966,9.85534e-05
617.5,0.003816709,0.002138284,0.000255249,7.05669e-05
616.7,0.003846932,0.002161111,0.000243463,9.15892e-05
615.8,0.00380813,0.002140564,0.000248363,9.13312e-05
615.0,0.003788766,0.002129193,0.000237258,9.09259e-05
614.1,0.003771513,0.002143652,0.000269365,6.49218e-05
613.3,0.003733446,0.002122419,0.000268699,0.000110043
612.4,0.003693283,0.002148203,0.000234303,7.90353e-05
611.6,0.00363763,0.002137688,0.000243837,9.4148e-05
610.7,0.003548853,0.002155906,0.000274948,7.76251e-05
609.9,0.003511889,0.002150704,0.000247913,7.71602e-05
609.0,0.003422165,0.002178638,0.000233996,0.000113273
608.2,0.00336221,0.002182604,0.000231957,0.000162464
607.3,0.003271663,0.002234474,0.000247985,8.99416e-05
606.5,0.003146094,0.002289791,0.000278827,0.000107776
605.6,0.003008205,0.002299651,0.000283131,0.000112382
604.7,0.002934967,0.002359577,0.000281074,0.000144922
603.9,0.002799832,0.002416478,0.000276127,8.60666e-05
603.0,0.002714111,0.002443042,0.000264675,0.000113152
602.2,0.002593998,0.002508684,0.000280792,0.000108114
601.3,0.00251278,0.002582178,0.000273736,0.00012797
600.5,0.002368124,0.0026159,0.00021951,8.63761e-05
599.6,0.00230077,0.002630411,0.000272429,0.000120063
598.8,0.002154927,0.002621084,0.000295016,0.000132268
597.9,0.002145536,0.002672207,0.000289862,0.000125974
597.1,0.002034888,0.0026745,0.000271789,0.000138703
596.2,0.00199613,0.002680576,0.000272032,0.000176742
595.4,0.001903224,0.002658724,0.000254399,0.000177466
594.5,0.001866927,0.002616902,0.000273759,0.000201816
593.7,0.001872686,0.002659107,0.000265953,0.000143422
592.8,0.001840411,0.002604025,0.000264696,0.000233157
591.9,0.001840198,0.002572451,0.000271054,0.000166018
591.1,0.001867247,0.002539028,0.000263243,0.000189181
590.2,0.001855855,0.002500238,0.000248785,0.000166365
589.4,0.001929694,0.002440707,0.000244114,0.000198791
588.5,0.001927341,0.00244745,0.000259352,0.00014602
587.7,0.001958215,0.002318948,0.000283815,0.000216948
586.8,0.001981374,0.002270232,0.000300877,0.000201099
586.0,0.002024507,0.002214972,0.000241793,0.00022903
585.1,0.002047136,0.002196756,0.000250705,0.000210152
584.3,0.002106247,0.002109504,0.000269556,0.000210254
583.4,0.002079777,0.002056687,0.000285576,0.000243101
582.6,0.00213313,0.001986953,0.000286251,0.000262708
581.7,0.002095135,0.001960243,0.000267292,0.000245496
580.9,0.002133159,0.001925617,0.000266025,0.000308216
580.0,0.002066247,0.001883433,0.000304655,0.00029338
579.1,0.00209079,0.001846272,0.000300776,0.000322514
578.3,0.002053648,0.00184357,0.000331955,0.000311427
577.4,0.002030979,0.001797587,0.0003068,0.000383194
576.6,0.001978205,0.001777732,0.000324952,0.0003318
575.7,0.001998303,0.001732928,0.000344619,0.000424678
574.9,0.001937812,0.001739676,0.000372098,0.000368281
574.0,0.001912074,0.001697204,0.00034774,0.000425274
573.2,0.001835906,0.001684771,0.000388866,0.000446593
572.3,0.001832552,0.001692904,0.000397948,0.000451711
571.5,0.001770026,0.001723854,0.000387879,0.000496305
570.6,0.001731209,0.001684099,0.000383075,0.000512645
569.8,0.001635246,0.001696,0.000439076,0.000567701
568.9,0.001638329,0.001674923,0.000473774,0.000649489
568.1,0.001540357,0.001636227,0.000464351,0.000640775
567.2,0.001497145,0.001613593,0.000511792,0.000663539
566.3,0.001437526,0.001642832,0.000516853,0.000689688
565.5,0.001382516,0.00160792,0.000536842,0.000715598
564.6,0.00127416,0.001609792,0.000592945,0.000739623
563.8,0.001282372,0.001582104,0.000586085,0.000792926
562.9,0.001163194,0.001560567,0.000610463,0.000796119
562.1,0.001169272,0.00154064,0.000613454,0.000863741
561.2,0.001092301,0.001525581,0.000676654,0.000876927
560.4,0.001074112,0.001506975,0.000698972,0.000971257
559.5,0.00097347,0.00148035,0.000718837,0.000963893
558.7,0.000967894,0.001462863,0.00074685,0.001022415
557.8,0.000858224,0.001424108,0.000774662,0.001076204
557.0,0.00088658,0.001441372,0.00079368,0.001159383
556.1,0.000826823,0.001425436,0.000878975,0.001162362
555.3,0.000819598,0.001400749,0.00087481,0.00126346
554.4,0.0007727,0.001423305,0.000911123,0.001330816
553.5,0.000766006,0.001420477,0.000998775,0.001371401
552.7,0.000719439,0.001384675,0.001001386,0.001435968
551.8,0.000722554,0.001369694,0.001077603,0.001498687
551.0,0.000700897,0.001392958,0.001104984,0.001554806
550.1,0.000781891,0.001428369,0.00116654,0.00163323
549.3,0.000683662,0.001358761,0.001235206,0.001746779
548.4,0.00073874,0.001395705,0.001268246,0.001831767
547.6,0.000707823,0.001346314,0.001321328,0.001871453
546.7,0.000759301,0.001396001,0.001408078,0.002000008
545.9,0.000713505,0.001360174,0.001459168,0.002068051
545.0,0.000731766,0.001416358,0.001528089,0.002181568
544.2,0.000739651,0.001344426,0.001578702,0.002214803
543.3,0.000742909,0.001341909,0.001659372,0.002328415
542.5,0.000751341,0.001330596,0.001797711,0.002453728
541.6,0.000780729,0.001321223,0.001801366,0.002617177
540.7,0.000741438,0.0012789,0.001914774,0.002727674
539.9,0.000790925,0.001280467,0.002063825,0.002867851
539.0,0.000799656,0.001276269,0.002166595,0.002985153
538.2,0.000775079,0.001219103,0.002223164,0.003134368
537.3,0.000790553,0.001205469,0.00235371,0.003294757
536.5,0.000788512,0.001187623,0.002477,0.003458901
535.6,0.00077187,0.001162584,0.002579325,0.003580005
534.8,0.000792534,0.001154569,0.00272065,0.003782706
533.9,0.000764748,0.001106114,0.002835254,0.003974065
533.1,0.000789734,0.00111035,0.002945894,0.004184751
532.2,0.000781103,0.001073005,0.00313095,0.004354716
531.4,0.000770793,0.001011723,0.003225741,0.004591958
530.5,0.00075345,0.00102113,0.003410462,0.004755105
529.7,0.000739348,0.000983297,0.003557062,0.004989646
528.8,0.000731756,0.000952111,0.003735074,0.00523684
527.9,0.00069918,0.000921734,0.003958617,0.005500394
527.1,0.00070923,0.000877657,0.004143065,0.005746007
526.2,0.000664296,0.000842373,0.004342317,0.006016346
525.4,0.000639786,0.000827354,0.004521929,0.006300724
524.5,0.000644964,0.000832137,0.004769252,0.006579239
523.7,0.000621613,0.000820098,0.005019231,0.006861595
522.8,0.000634314,0.000791178,0.005246665,0.007183096
522.0,0.000565998,0.000763033,0.005506682,0.00745852
521.1,0.000550046,0.000736894,0.005755171,0.007818217
520.3,0.000535899,0.000699458,0.006067756,0.008134555
519.4,0.000522741,0.000750394,0.006310637,0.00850551
518.6,0.000508324,0.000699666,0.006647129,0.008871792
517.7,0.000488769,0.000685782,0.006946509,0.009268081
516.9,0.000440205,0.000705451,0.007251989,0.009645545
516.0,0.00044341,0.00071876,0.007604713,0.010008018
515.1,0.000381343,0.000674408,0.007973851,0.010390734
514.3,0.000415477,0.000704283,0.008304292,0.010834399
513.4,0.000409174,0.000697209,0.008627317,0.011256024
512.6,0.000388885,0.000691836,0.008899179,0.011530869
511.7,0.000375736,0.000695887,0.009298774,0.011958682
510.9,0.000390568,0.000725219,0.00981695,0.012492801
510.0,0.00040092,0.000733691,0.010234124,0.013007983
509.2,0.000353939,0.000698565,0.010705083,0.013533341
508.3,0.000364508,0.000750853,0.011154071,0.014066788
507.5,0.000351033,0.000705196,0.011602403,0.014509144
506.6,0.000338945,0.000748454,0.012061125,0.015060215
505.8,0.000366084,0.000773691,0.012515511,0.015578766
504.9,0.000348602,0.000782559,0.013043832,0.016125203
504.1,0.000326673,0.000756055,0.013511001,0.016677331
503.2,0.000349753,0.00081195,0.014031535,0.017232059
502.3,0.000365603,0.000835923,0.014561641,0.017801014
501.5,0.000331715,0.000825513,0.015099498,0.01837979
500.6,0.000379981,0.000876547,0.015657496,0.018931996
499.8,0.000359742,0.000902587,0.016222252,0.019529301
498.9,0.000356269,0.000923786,0.016751629,0.020153673
498.1,0.000337518,0.000951869,0.017341614,0.020738364
497.2,0.000331148,0.001014295,0.017919032,0.021370832
496.4,0.000305423,0.001054115,0.018571815,0.021978538
495.5,0.00034212,0.001125397,0.019185581,0.022622316
494.7,0.000310686,0.001196506,0.019821503,0.023257942
493.8,0.00034732,0.001276656,0.020436489,0.02385894
493.0,0.000315645,0.001355214,0.02110713,0.02450049
492.1,0.000287773,0.001462992,0.021730296,0.025146717
491.3,0.000286687,0.001558351,0.022409102,0.025752588
490.4,0.000323534,0.001753023,0.023060386,0.026402956
489.5,0.000256375,0.00182672,0.023746233,0.027055303
488.7,0.00031319,0.002080746,0.024371917,0.027636284
487.8,0.000253412,0.002268612,0.025027208,0.028246383
487.0,0.000251892,0.002493233,0.02569628,0.028841844
486.1,0.000227031,0.002733735,0.026314204,0.029450936
485.3,0.000246966,0.003048523,0.026989771,0.029923849
484.4,0.000197348,0.003332829,0.027495214,0.030529737
483.6,0.000176151,0.003712226,0.02820191,0.031044575
482.7,0.00017583,0.00414338,0.028775503,0.031492961
481.9,0.000174103,0.00459666,0.029328221,0.03201284
481.0,0.000166303,0.005050951,0.029708565,0.032368067
480.2,0.000201505,0.005524412,0.030193438,0.032712969
479.3,0.00017543,0.00613943,0.030752067,0.033195363
478.5,0.000168254,0.007025498,0.031333325,0.033593023
477.6,0.000146828,0.007846059,0.031753801,0.033949702
476.7,0.000148549,0.008720945,0.032132289,0.034285903
475.9,0.000121877,0.009622506,0.032453397,0.034581634
475.0,0.000164333,0.010653984,0.03280743,0.034794498
474.2,0.000148838,0.011715151,0.033037923,0.035046544
473.3,0.000166577,0.012871532,0.033243805,0.035209858
472.5,0.000121317,0.014051294,0.033464864,0.035390272
471.6,0.000193066,0.015397272,0.033625337,0.035567006
470.8,0.000158558,0.016716582,0.033718547,0.035666813
469.9,0.000146009,0.01805471,0.03382429,0.035770235
469.1,0.000149044,0.019484826,0.033885009,0.035825723
468.2,0.000123352,0.020907177,0.033986502,0.035872492
467.4,0.000146291,0.022325496,0.034042533,0.035953759
466.5,0.000174433,0.023810888,0.034029952,0.035996453
465.7,0.000185059,0.025231397,0.034098154,0.036039604
464.8,0.000173878,0.026547516,0.034201821,0.036023772
463.9,0.00016168,0.027854828,0.034205389,0.036137821
463.1,0.000209657,0.029065432,0.034291454,0.036147008
462.2,0.000272607,0.030194524,0.034299035,0.036225124
461.4,0.00024937,0.031138806,0.034439534,0.036289873
460.5,0.000291241,0.031938254,0.034535096,0.036324789
459.7,0.000324309,0.032491731,0.034655965,0.036434891
458.8,0.000363128,0.032846738,0.034748334,0.036484394
458.0,0.000379747,0.03296321,0.034896774,0.036596775
457.1,0.000445756,0.03288926,0.035042899,0.036644826
456.3,0.000488499,0.032485132,0.035188263,0.036721107
455.4,0.000598234,0.031986847,0.035303677,0.03673737
454.6,0.000740691,0.031169124,0.035481999,0.036766608
453.7,0.000847413,0.030249999,0.035599128,0.036765867
452.9,0.001009395,0.029108781,0.035643402,0.036790717
452.0,0.00121084,0.027904599,0.035779554,0.036718338
451.1,0.00146215,0.026557947,0.035839324,0.036649349
450.3,0.001705083,0.025206476,0.035833908,0.036595588
449.4,0.002077331,0.023907391,0.035883837,0.036465153
448.6,0.002315919,0.022997333,0.035844164,0.036370574
447.7,0.002790591,0.02166206,0.035784946,0.036154951
446.9,0.003473894,0.020204676,0.035663787,0.035914349
446.0,0.004207063,0.018878841,0.035501757,0.035671204
445.2,0.0050773,0.01781002,0.035300513,0.035375164
444.3,0.005981735,0.016938677,0.035095957,0.035099286
443.5,0.007042817,0.016089321,0.034850251,0.034833509
442.6,0.008269233,0.015394961,0.034542897,0.034483459
441.8,0.009480408,0.014833882,0.034243655,0.034133251
440.9,0.010936331,0.01436012,0.033939153,0.033798705
440.1,0.012424015,0.013973648,0.033531392,0.033396777
439.2,0.013928411,0.013697646,0.033209744,0.033012081
438.3,0.015503709,0.013529225,0.032784978,0.032642554
437.5,0.01700967,0.013298908,0.032393184,0.032271927
436.6,0.018473416,0.013227713,0.032019125,0.031856979
435.8,0.019782958,0.013154661,0.031597466,0.031484565
434.9,0.020890368,0.013049663,0.031266428,0.031091039
434.1,0.021812292,0.012976217,0.030852779,0.030671543
433.2,0.022514553,0.012897353,0.030496528,0.030285421
432.4,0.022980974,0.012702145,0.030159226,0.029856421
431.5,0.023195281,0.012573868,0.029803331,0.029449909
430.7,0.023204933,0.012339385,0.029433983,0.029081306
429.8,0.023026107,0.012149939,0.029058673,0.028636683
429.0,0.02268527,0.01182443,0.028691793,0.028242864
428.1,0.022192584,0.011523003,0.028405776,0.027875156
427.3,0.021635745,0.011149201,0.028073097,0.027485065
426.4,0.021056659,0.010813698,0.027799248,0.027029053
425.5,0.020389595,0.010310043,0.027446668,0.026671994
424.7,0.01977113,0.009900569,0.027155877,0.026250438
423.8,0.019210925,0.009435997,0.026832909,0.025875769
423.0,0.018658832,0.008968099,0.026470268,0.025488579
422.1,0.018263404,0.008516713,0.026154163,0.025111679
421.3,0.017839765,0.007999683,0.025802724,0.024731815
420.4,0.017569675,0.007539685,0.025455893,0.024279066
419.6,0.017400639,0.007115618,0.025130234,0.023866585
418.7,0.017285992,0.00670065,0.024665239,0.023456667
417.9,0.017272141,0.0063214,0.024321396,0.023033867
417.0,0.017318266,0.006078437,0.024035373,0.022770357
416.2,0.017368206,0.005793222,0.023667567,0.022373726
415.3,0.017476968,0.005443312,0.023121533,0.021835355
414.5,0.017586175,0.005105763,0.022611088,0.021329814
413.6,0.017690134,0.004837597,0.022190505,0.020920881
412.7,0.01775865,0.004662621,0.021711974,0.020342601
411.9,0.017806063,0.004528373,0.021225064,0.019919055
411.0,0.017754324,0.004342118,0.020796909,0.01948419
410.2,0.017691007,0.004191906,0.02034391,0.019076718
409.3,0.017556693,0.004065299,0.019859305,0.018599135
408.5,0.017454112,0.004016792,0.019387987,0.018128658
407.6,0.017220806,0.003898897,0.018974566,0.017704993
406.8,0.016922661,0.003785794,0.018563007,0.017266038
405.9,0.016606672,0.003712329,0.018203523,0.016803778
405.1,0.016293881,0.003608321,0.017731837,0.016392077
404.2,0.015920812,0.003543258,0.017331022,0.015991071
403.4,0.015448164,0.003445608,0.016930937,0.015598575
402.5,0.015092746,0.00343377,0.016581802,0.015250924
401.7,0.014684775,0.003384613,0.016166453,0.014849141
400.8,0.014253697,0.003302597,0.015793317,0.014424172
399.9,0.013780166,0.003217131,0.015425842,0.014108647
399.1,0.013434974,0.003213434,0.015077886,0.013761211
398.2,0.013065381,0.003173334,0.014714492,0.01334626
397.4,0.012773048,0.003154821,0.014365994,0.012942516
396.5,0.012441332,0.003132555,0.013991654,0.012684755
395.7,0.012285601,0.003135064,0.013713163,0.012341399
394.8,0.012085959,0.003106403,0.013310843,0.012006362
394.0,0.011963875,0.003175692,0.012934137,0.011634392
393.1,0.011874362,0.003232456,0.012694614,0.011322206
392.3,0.011828099,0.003319021,0.012297882,0.010983371
391.4,0.011781179,0.003358565,0.0119836,0.010669123
390.6,0.011759195,0.003507645,0.011648073,0.010379869
389.7,0.011794268,0.00363791,0.011332402,0.010065483
388.9,0.011843033,0.003809067,0.010972215,0.009713067
388.0,0.011881356,0.003979628,0.010666136,0.009439609
387.1,0.011886993,0.004099901,0.010407248,0.009131694
386.3,0.011953835,0.004254085,0.010115338,0.008804694
385.4,0.011935336,0.004451046,0.009866687,0.008573129
384.6,0.011966354,0.00454271,0.009616281,0.008334856
383.7,0.011964616,0.004645688,0.009315982,0.008097912
382.9,0.011998971,0.004870473,0.008954778,0.007768932
382.0,0.012049291,0.004994412,0.008661623,0.00746385
381.2,0.011982864,0.005034434,0.008425203,0.007133554
380.3,0.011962846,0.005140931,0.008149853,0.006950272
379.5,0.011921473,0.005142136,0.007883054,0.006653745
378.6,0.011912732,0.005218042,0.007621958,0.006483015
377.8,0.011843506,0.005282388,0.007451222,0.006250302
376.9,0.011796573,0.00529728,0.007168312,0.006014447
376.1,0.011704405,0.005298614,0.007062239,0.005863513
375.2,0.011563264,0.005328058,0.006774643,0.005685678
374.3,0.011514168,0.005388474,0.006600567,0.005426857
373.5,0.011379217,0.005521693,0.006386911,0.005298439
372.6,0.01119108,0.005470833,0.00621715,0.005070521
371.8,0.011009836,0.005539157,0.006038322,0.004964878
370.9,0.010771405,0.005536602,0.005818947,0.004728166
370.1,0.01058129,0.005609994,0.005660365,0.004530231
369.2,0.010463504,0.005693548,0.00548938,0.004398472
368.4,0.010173145,0.005787347,0.005349821,0.004207939
367.5,0.009959985,0.005869218,0.005150222,0.004108782
366.7,0.009690519,0.005896083,0.004938981,0.003980018
365.8,0.009518615,0.005961057,0.004850525,0.003814962
365.0,0.009381003,0.006105672,0.004665175,0.003683286
364.1,0.009141399,0.00613688,0.004471596,0.003553489
363.3,0.008911422,0.006250479,0.004336982,0.003364369
362.4,0.008771958,0.006223758,0.004338227,0.003267963
361.5,0.008556025,0.006343493,0.004114258,0.00318543
360.7,0.008433609,0.006347762,0.004023905,0.003065369
359.8,0.008285544,0.006345609,0.003811029,0.003017003
359.0,0.00806682,0.006335784,0.003736979,0.002966505
358.1,0.007978154,0.006486986,0.003685509,0.002780158
357.3,0.007893163,0.006496829,0.003581409,0.002723236
356.4,0.007704265,0.006497818,0.00350014,0.002537842
355.6,0.007604985,0.006591957,0.00344288,0.002516695
354.7,0.00740006,0.006634579,0.003241654,0.002464521
353.9,0.007369488,0.006651921,0.003203705,0.002311425
353.0,0.007138518,0.006635824,0.003212247,0.002523396
352.2,0.007070761,0.006660643,0.003064213,0.002390991
351.3,0.006895238,0.00665815,0.003076071,0.00233619
350.5,0.006770929,0.006779306,0.003049335,0.0023634
349.6,,,0.003043807,0.002406996
348.7,,,0.002962815,0.002274947
347.9,,,0.003062052,0.002372781
347.0,,,0.003026391,0.00245601
346.2,,,0.003025138,0.002435075
345.3,,,0.00310519,0.002552987
344.5,,,0.003061201,0.002529558
343.6,,,0.003111865,0.002509092
342.8,,,0.003185873,0.002586329
341.9,,,0.003205575,0.002743969
341.1,,,0.003174601,0.002832482
340.2,,,0.003325328,0.002749205
339.4,,,0.003375024,0.002859224
338.5,,,0.003450585,0.002859668
337.7,,,0.003441351,0.002838991
336.8,,,0.003488333,0.002977446
335.9,,,0.003449318,0.002829654
335.1,,,0.003580042,0.002916968
334.2,,,0.003628654,0.002931347
333.4,,,0.003735327,0.002753273
332.5,,,0.003610657,0.002845631
331.7,,,0.00354966,0.002645992
330.8,,,0.003642225,0.002668705
330.0,,,0.003602272,0.002583804
329.1,,,0.003499489,0.002572601
328.3,,,0.003427036,0.002506858
327.4,,,0.003402814,0.002271887
326.6,,,0.003210276,0.002328674
325.7,,,0.003236227,0.002192989
324.9,,,0.003208896,0.002183768
324.0,,,0.003123901,0.002170519
323.1,,,0.003055541,0.002062112
322.3,,,0.003098014,0.002206834
321.4,,,0.003091997,0.002202209
320.6,,,0.003041854,0.0021893
